SeqId,BubbleSortNComp,BubbleSortTns,InsertionSortNComp,InsertionSortTns,MergeSortNComp,MergeSortTns,QuickSortNComp,QuickSortTns,QuickSortRandomNComp,QuickSortRandomTns,HeapSortNComp,HeapSortTns,
seq_10_0,45,438000,30,34400,23,50200,31,4822200,26,864200,38,857500,
seq_10_1,45,44600,34,25200,25,33600,25,9600,26,14600,40,26100,
seq_10_2,45,8600,21,4700,20,26300,29,9000,37,16400,40,27000,
seq_10_3,45,11600,35,6800,22,29800,27,8700,25,12500,36,26400,
seq_10_4,45,11100,42,7700,22,26500,25,7600,23,10900,40,27200,
seq_10_5,45,10100,33,6300,24,24400,23,10700,27,11700,41,27700,
seq_10_6,45,9200,28,5600,23,26000,22,7900,22,9800,42,27200,
seq_10_7,45,9300,28,5800,23,49100,21,10500,23,42500,36,27100,
seq_10_8,45,11200,29,5800,24,22100,21,7000,20,10600,41,40300,
seq_10_9,45,12300,34,7900,22,31700,24,11300,20,15300,39,41900,
seq_10_10,45,12500,35,9800,23,28100,21,9700,21,12500,39,33400,
seq_10_11,45,12500,34,6500,24,24900,22,8600,25,13600,36,31600,
seq_10_12,45,9400,30,5800,23,36100,25,7300,25,12300,40,55300,
seq_10_13,45,10400,25,6100,22,22900,19,7900,24,12900,41,32700,
seq_10_14,45,10500,32,5900,22,21000,26,8600,22,11500,37,30100,
seq_10_15,45,9100,27,5200,23,22900,24,7800,19,11400,39,29100,
seq_10_16,45,9200,29,5400,20,19600,24,7200,25,10700,42,14100,
seq_10_17,45,9000,28,5300,24,20200,29,9000,21,10800,39,14300,
seq_10_18,45,8700,18,3800,19,16200,33,13300,37,13800,41,18600,
seq_10_19,45,9300,22,4500,21,399500,27,17000,24,17000,38,14400,
seq_10_20,45,8400,24,5000,22,27900,24,19600,25,21700,40,14700,
seq_10_21,45,8600,25,4900,20,27400,26,6700,23,10800,40,13800,
seq_10_22,45,10100,36,6500,21,16000,22,6600,23,9800,38,13600,
seq_10_23,45,10300,35,6500,23,14600,30,7500,35,28100,37,13900,
seq_10_24,45,9900,33,6400,23,19300,25,7400,21,15500,37,19700,
seq_10_25,45,10500,38,7400,22,16200,19,6100,29,10300,36,47800,
seq_10_26,45,9500,31,6300,24,14800,20,6700,24,8500,37,13300,
seq_10_27,45,8400,24,5000,22,16500,24,8000,27,10400,39,16800,
seq_10_28,45,9500,31,6000,22,14000,22,7600,25,8700,38,28200,
seq_10_29,45,10400,35,6700,22,18900,29,8200,23,7300,36,15800,
seq_10_30,45,9400,32,5800,24,16100,20,6100,22,7000,36,9900,
seq_10_31,45,7900,22,4400,22,13600,31,9200,33,10800,39,16100,
seq_10_32,45,9000,31,5800,23,16100,25,8100,36,9800,41,7800,
seq_10_33,45,10800,42,9400,23,14400,25,6700,20,7700,38,8800,
seq_10_34,45,8100,24,4800,21,15700,28,8200,23,7400,40,7800,
seq_10_35,45,8600,28,5200,23,30900,20,6700,29,10100,38,9000,
seq_10_36,45,8100,22,4500,23,14800,20,6100,25,9100,41,10100,
seq_10_37,45,10600,34,6200,22,16100,21,6600,25,7500,35,7600,
seq_10_38,45,8300,26,5000,22,13600,22,7500,27,15700,41,8400,
seq_10_39,45,10200,38,7000,20,17500,21,6400,19,8400,36,7700,
seq_10_40,45,8800,29,5400,22,16300,31,122100,22,57300,41,8300,
seq_10_41,45,11100,26,5000,22,54300,21,6300,23,2100,40,10300,
seq_10_42,45,9900,36,6600,21,6100,22,40800,21,2300,40,8100,
seq_10_43,45,9300,33,6100,23,4100,23,1500,21,2100,37,8000,
seq_10_44,45,9000,29,5500,23,6200,29,1900,29,2200,39,9100,
seq_10_45,45,9600,34,6200,19,6200,21,1500,22,2000,40,7800,
seq_10_46,45,11100,44,7600,20,3600,23,1500,27,2300,35,9200,
seq_10_47,45,8900,30,5600,24,6400,27,1500,24,1800,41,8200,
seq_10_48,45,7800,22,4200,22,3800,24,1500,22,2200,37,7900,
seq_10_49,45,7400,20,4000,23,3800,30,2000,21,1900,41,7500,
seq_10_50,45,9300,35,6000,17,6800,21,1500,20,1900,42,10900,
seq_10_51,45,8100,24,5300,22,4000,21,3900,27,2500,41,8200,
seq_10_52,45,9000,33,6000,24,5900,30,1600,24,1800,36,7400,
seq_10_53,45,7500,22,4200,23,5600,30,1800,24,1900,38,7300,
seq_10_54,45,10200,42,7000,23,3600,31,1600,23,2200,37,9500,
seq_10_55,45,9200,33,5900,23,5600,21,1500,27,1800,37,7400,
seq_10_56,45,11000,38,6500,23,3600,22,1500,29,2100,36,7000,
seq_10_57,45,8500,29,5200,22,5600,27,1700,25,2200,41,8800,
seq_10_58,45,9400,36,6200,23,5600,23,1400,23,1900,38,7400,
seq_10_59,45,9100,29,5400,22,3900,31,1700,19,1900,39,9700,
seq_10_60,45,7800,25,4600,22,5900,27,1700,25,1900,37,7400,
seq_10_61,45,8800,30,5400,24,3700,21,3800,33,2400,36,7500,
seq_10_62,45,9700,38,6500,25,5600,25,1500,31,2100,37,7500,
seq_10_63,45,8600,29,5100,23,5500,27,1700,25,1900,41,8100,
seq_10_64,45,9200,33,6000,23,3900,22,1700,21,1800,37,7300,
seq_10_65,45,8100,24,4600,22,7700,22,1700,27,2100,39,7800,
seq_10_66,45,9400,34,6200,24,5900,26,1600,20,1700,39,7500,
seq_10_67,45,11500,42,8600,24,4000,25,1600,27,2200,36,10000,
seq_10_68,45,10100,35,6200,22,5600,25,1500,39,2500,41,7700,
seq_10_69,45,12400,39,7600,23,6800,22,2900,35,6400,35,14400,
seq_10_70,45,10000,37,6500,22,5700,23,1500,23,2000,37,7600,
seq_10_71,45,9500,36,6500,22,5500,21,1700,21,2100,39,7500,
seq_10_72,45,9600,36,6200,21,3500,27,1600,25,2000,36,9200,
seq_10_73,45,8900,32,5700,23,6000,33,1700,28,1800,38,7500,
seq_10_74,45,8400,27,5000,22,4300,24,1300,23,1900,41,7600,
seq_10_75,45,10800,35,6100,21,5800,23,1600,24,2100,36,7400,
seq_10_76,45,7600,21,4100,23,15300,26,1800,24,2000,39,8100,
seq_10_77,45,12700,39,6700,24,3800,27,1500,22,1900,38,11200,
seq_10_78,45,10500,37,6500,24,5900,19,1300,27,1900,35,7100,
seq_10_79,45,7600,20,4000,19,3700,24,1900,27,2000,38,7400,
seq_10_80,45,9900,36,6300,22,6000,20,1600,25,1800,38,8900,
seq_10_81,45,9200,32,5800,24,6300,24,1500,30,2200,35,7400,
seq_10_82,45,11000,30,5600,25,3600,21,1500,23,1900,36,9400,
seq_10_83,45,9600,36,6400,23,5500,22,1500,27,2000,38,7400,
seq_10_84,45,9000,31,5400,20,3800,27,1700,30,2100,40,7500,
seq_10_85,45,8800,31,6700,22,8500,24,2100,33,4700,41,11000,
seq_10_86,45,9000,26,4900,23,6900,26,1900,21,2200,38,9000,
seq_10_87,45,9200,34,6000,24,3700,21,1500,23,1900,37,9600,
seq_10_88,45,7800,24,4500,22,5800,20,1400,20,1800,42,7300,
seq_10_89,45,8100,27,5100,24,3800,25,1800,23,1900,36,7400,
seq_10_90,45,9600,36,6100,23,5900,29,1600,22,1800,38,7000,
seq_10_91,45,8900,33,5600,23,5400,21,1500,23,1900,38,7100,
seq_10_92,45,8500,28,5200,23,3500,20,1500,24,2700,38,9900,
seq_10_93,45,9000,34,5800,22,5800,23,1600,20,1800,41,7200,
seq_10_94,45,10000,27,4900,22,3700,23,1700,25,1900,38,7100,
seq_10_95,45,8100,28,5000,21,5500,25,2300,23,2000,39,7100,
seq_10_96,45,8900,33,5700,23,5200,21,1500,34,2200,38,7100,
seq_10_97,45,9100,32,5600,22,3500,23,1500,26,1900,38,8500,
seq_10_98,45,7500,22,4200,22,5100,23,1700,25,1900,38,7300,
seq_10_99,45,9300,35,14600,23,3500,25,1600,30,2200,37,7100,
seq_20_0,190,34000,113,18000,65,10500,67,3200,65,3400,117,15100,
seq_20_1,190,32000,97,34300,58,9800,61,2900,67,3300,116,14800,
seq_20_2,190,34200,107,2800,62,9400,78,3500,63,3700,114,14100,
seq_20_3,190,46900,139,3500,64,10000,79,5900,81,3800,110,14800,
seq_20_4,190,36300,114,3000,66,21400,60,3600,59,3400,111,15400,
seq_20_5,190,34800,106,2600,60,8800,81,3700,62,3100,113,14000,
seq_20_6,190,5900,126,3000,64,10500,64,3100,78,3900,116,15800,
seq_20_7,190,5700,116,2900,64,9300,80,3200,66,3600,110,14000,
seq_20_8,190,5300,95,2400,65,8700,91,3500,61,3200,109,15300,
seq_20_9,190,5300,95,2500,65,8300,61,3100,62,3600,118,14200,
seq_20_10,190,5300,88,2300,64,9700,79,3100,74,3700,118,14100,
seq_20_11,190,5600,106,2600,58,8500,59,2800,70,3500,121,15600,
seq_20_12,190,5900,130,3100,65,8900,78,3200,67,3500,109,15700,
seq_20_13,190,5400,94,2400,67,8400,70,3300,85,3900,113,14400,
seq_20_14,190,6100,134,3200,64,11100,70,2900,66,3600,113,14900,
seq_20_15,190,7200,94,2300,63,9900,71,3600,71,6200,116,14000,
seq_20_16,190,7000,115,3300,63,12100,62,3800,61,3800,116,17500,
seq_20_17,190,5800,114,2900,65,9000,80,3200,76,3900,116,14000,
seq_20_18,190,5400,97,2400,65,9200,88,3300,76,3800,116,13600,
seq_20_19,190,8200,146,3400,66,8900,68,5000,70,3600,117,13800,
seq_20_20,190,5900,125,3000,63,9000,72,2800,72,3600,114,16300,
seq_20_21,190,5800,118,2800,65,9100,63,2900,69,3800,113,14000,
seq_20_22,190,5800,113,2800,63,8900,71,3400,73,3500,118,14600,
seq_20_23,190,7200,93,3100,62,9300,58,2700,61,3300,116,14100,
seq_20_24,190,5400,101,3300,64,9200,77,2900,77,3800,117,17100,
seq_20_25,190,6000,131,3200,63,9600,80,3400,73,3400,115,13800,
seq_20_26,190,5500,106,2600,65,10400,75,3400,62,3400,117,15100,
seq_20_27,190,5900,112,2900,63,10100,70,3700,77,4100,113,27800,
seq_20_28,190,5500,93,2400,64,9300,91,3400,61,3400,116,29700,
seq_20_29,190,5700,104,3400,64,11200,66,4100,61,3900,111,14600,
seq_20_30,190,5900,121,2900,61,8800,61,3100,60,3500,112,14000,
seq_20_31,190,5300,97,2400,63,9100,58,2700,64,5100,114,14300,
seq_20_32,190,5400,99,2500,65,9300,74,3400,86,4000,120,16000,
seq_20_33,190,6000,130,3100,59,9500,63,2700,79,3700,114,14200,
seq_20_34,190,7600,116,3700,62,9100,79,3500,71,4600,116,14000,
seq_20_35,190,5200,90,2300,61,9100,90,4100,69,5200,117,14600,
seq_20_36,190,5400,94,2400,68,9000,78,3000,71,3500,109,13700,
seq_20_37,190,6100,139,6300,66,11200,68,2700,72,3700,111,13500,
seq_20_38,190,6200,139,3200,65,8600,99,5300,63,4300,113,13600,
seq_20_39,190,5600,113,2700,65,9000,66,2900,76,3800,113,14100,
seq_20_40,190,5900,121,2900,62,9300,56,3100,76,3800,123,14300,
seq_20_41,190,5100,85,2200,58,9200,65,3100,68,3400,117,15400,
seq_20_42,190,5800,120,2900,66,9800,64,2700,58,3300,112,14000,
seq_20_43,190,6800,137,4300,64,10100,74,3400,66,4500,120,16800,
seq_20_44,190,5700,113,2800,65,9300,95,3700,59,3300,115,14200,
seq_20_45,190,5300,93,2400,65,10100,60,3000,62,3600,118,14500,
seq_20_46,190,5200,91,2300,62,8900,97,3700,63,3600,117,14100,
seq_20_47,190,6100,117,2800,65,8700,63,2800,56,3200,119,16200,
seq_20_48,190,6100,133,3300,62,8700,73,3000,73,3800,113,15000,
seq_20_49,190,5200,88,2300,66,8800,74,2900,64,3200,116,14000,
seq_20_50,190,5000,77,2000,64,9300,66,3100,64,5400,119,14000,
seq_20_51,190,5100,88,2300,58,8700,66,3100,68,3500,116,14000,
seq_20_52,190,5300,97,2500,59,10800,80,3600,74,3800,109,14900,
seq_20_53,190,5700,123,3000,67,10800,61,3200,72,3900,114,14600,
seq_20_54,190,5700,108,2600,63,9400,80,3200,63,3300,113,13500,
seq_20_55,190,5300,96,2400,63,9100,80,2700,66,3500,117,13700,
seq_20_56,190,5800,121,3000,63,9700,70,2900,67,3400,115,13900,
seq_20_57,190,5600,109,2700,64,9400,79,7200,95,4100,115,14000,
seq_20_58,190,7700,136,3300,63,9400,73,2800,69,3400,117,16100,
seq_20_59,190,5900,123,3000,63,9200,84,3300,68,3700,117,13900,
seq_20_60,190,5800,121,2900,69,11100,79,3000,75,3900,115,25500,
seq_20_61,190,5800,109,2700,64,11100,61,2600,78,4000,116,16100,
seq_20_62,190,5900,126,3100,63,22700,58,3000,90,4500,113,15400,
seq_20_63,190,6200,123,3100,66,10100,61,3100,66,3500,115,38800,
seq_20_64,190,5600,97,2500,60,9500,87,3900,68,3600,116,12900,
seq_20_65,190,5700,110,2700,64,8700,76,4700,65,3600,119,13500,
seq_20_66,190,6000,133,3200,59,9700,66,3000,74,3600,104,12400,
seq_20_67,190,5400,91,2300,65,9000,73,3200,68,3600,118,12300,
seq_20_68,190,5900,131,3200,65,8600,60,2700,61,3300,118,12200,
seq_20_69,190,5100,89,2300,64,10400,75,3200,93,4600,114,11900,
seq_20_70,190,5600,106,2600,61,10000,89,3400,58,3400,114,13800,
seq_20_71,190,5500,101,2500,67,8800,65,2900,102,3600,113,12000,
seq_20_72,190,5400,95,2500,64,11000,83,3100,80,4500,119,12300,
seq_20_73,190,5100,86,2300,59,10800,61,2800,81,3900,111,12200,
seq_20_74,190,6000,127,4300,65,8700,63,3500,57,3500,116,14800,
seq_20_75,190,5700,119,2800,65,8100,71,3100,73,3400,113,11900,
seq_20_76,190,7500,104,2500,59,8300,59,2800,67,3700,113,12000,
seq_20_77,190,5400,98,2500,62,8900,72,3200,63,5100,114,12100,
seq_20_78,190,7600,114,3700,62,9600,71,3200,64,4200,113,12900,
seq_20_79,190,5700,116,2800,65,8600,64,2900,68,3300,123,12400,
seq_20_80,190,5500,105,2500,65,9100,105,3400,65,3400,114,12800,
seq_20_81,190,4900,76,2000,61,12600,69,3000,68,5400,114,12000,
seq_20_82,190,8000,117,3800,64,8600,82,3500,65,3400,119,12100,
seq_20_83,190,5900,127,3200,59,8600,62,2900,59,3400,106,11300,
seq_20_84,190,5800,109,2700,66,8900,72,4400,72,3700,117,12100,
seq_20_85,190,5400,95,2500,65,8900,81,3100,73,3900,116,12100,
seq_20_86,190,5700,115,2900,65,9900,75,4500,81,4200,112,12000,
seq_20_87,190,7300,105,3500,63,8900,57,2700,74,3900,118,12100,
seq_20_88,190,5800,117,2900,61,8700,64,4500,63,4700,114,12000,
seq_20_89,190,5700,109,2800,65,8800,69,3000,80,3900,113,13700,
seq_20_90,190,6100,130,3200,63,8900,62,2700,73,3700,112,12000,
seq_20_91,190,5300,96,2500,62,9400,74,3300,73,3600,118,14300,
seq_20_92,190,6100,113,3100,61,12200,59,3400,67,4400,117,15400,
seq_20_93,190,5400,88,3000,60,9300,80,3700,60,3200,116,14600,
seq_20_94,190,5700,114,2900,63,9000,56,2900,79,3900,118,12900,
seq_20_95,190,5400,97,2500,58,15100,88,3200,71,3500,117,12500,
seq_20_96,190,7100,105,3500,62,12800,74,4700,69,4700,116,19600,
seq_20_97,190,5700,113,2800,64,9100,89,3300,63,3300,116,14400,
seq_20_98,190,6300,147,3500,66,8400,61,2800,76,3800,113,12300,
seq_20_99,190,5700,114,2900,63,9000,56,2700,66,3700,111,12200,
seq_30_0,435,13400,240,5700,111,15000,115,5200,123,5600,209,21800,
seq_30_1,435,14100,221,5100,114,15000,110,5700,121,5200,207,28200,
seq_30_2,435,13300,272,6200,106,13700,116,6200,129,6000,199,11000,
seq_30_3,435,12900,262,8100,106,12700,110,5800,166,9200,203,11000,
seq_30_4,435,12200,217,5000,114,12700,105,5800,107,5400,200,10800,
seq_30_5,435,12500,242,5500,111,13700,114,4400,133,6200,207,10700,
seq_30_6,435,11700,204,4800,114,14500,116,4700,165,9200,213,10600,
seq_30_7,435,11400,186,4400,115,15400,134,6200,165,7800,202,10400,
seq_30_8,435,12700,246,5600,119,14600,110,4800,138,5000,213,13200,
seq_30_9,435,13800,250,5700,110,14300,128,5000,132,5600,204,12400,
seq_30_10,435,12700,240,5500,111,16800,167,6300,121,5600,210,10500,
seq_30_11,435,12100,215,5000,107,15400,108,4600,111,5000,204,11400,
seq_30_12,435,12000,209,4900,107,26300,122,5800,129,6200,212,10500,
seq_30_13,435,12800,251,5700,112,16300,135,5300,133,5500,204,10400,
seq_30_14,435,12700,248,5700,105,13400,135,5300,103,4800,206,10500,
seq_30_15,435,13200,281,6300,112,14000,113,6300,119,5200,199,10200,
seq_30_16,435,12700,270,6200,108,13200,110,4400,122,5300,205,10100,
seq_30_17,435,12300,228,5200,111,14300,127,5000,116,6800,199,10200,
seq_30_18,435,12800,261,5900,108,14300,131,4900,117,5300,199,12200,
seq_30_19,435,13100,267,6100,112,13700,119,4700,117,5300,198,11200,
seq_30_20,435,13600,301,6600,113,15000,146,5200,123,5100,200,12200,
seq_30_21,435,12800,237,5600,108,17100,131,5400,131,6300,209,14800,
seq_30_22,435,13300,280,7400,116,16500,112,4100,128,5200,194,10500,
seq_30_23,435,14300,190,5400,108,16300,115,4900,142,6900,208,12300,
seq_30_24,435,12200,229,5200,110,20000,138,5600,126,5300,203,11100,
seq_30_25,435,12800,254,5700,116,13200,130,5500,138,5800,204,10400,
seq_30_26,435,17300,264,7100,115,14100,125,6400,126,5700,205,12500,
seq_30_27,435,27200,232,5600,114,14200,119,4900,165,6900,206,13000,
seq_30_28,435,18400,289,6600,107,14100,135,5500,112,6800,199,11400,
seq_30_29,435,17900,259,6100,116,16200,139,5100,137,7400,203,10800,
seq_30_30,435,12400,230,5300,112,15600,124,5000,122,5400,198,13900,
seq_30_31,435,14500,302,7000,106,15700,119,5100,170,6400,204,13200,
seq_30_32,435,12200,220,5200,114,33800,126,4800,129,6300,202,22000,
seq_30_33,435,13200,257,5700,115,16200,134,5800,123,5500,201,16300,
seq_30_34,435,13000,267,6000,113,14500,120,4400,106,5100,213,10400,
seq_30_35,435,11800,199,4500,104,14800,126,4900,164,6300,205,10700,
seq_30_36,435,12800,262,5900,112,14200,171,5700,122,5400,205,10600,
seq_30_37,435,12900,258,5700,112,14600,124,4900,124,5400,203,10400,
seq_30_38,435,12800,251,5700,109,12200,144,5100,117,5200,200,10100,
seq_30_39,435,12600,258,5900,112,12100,116,5300,132,5600,197,10000,
seq_30_40,435,12500,239,5500,113,13200,126,7400,134,5800,202,10400,
seq_30_41,435,12500,241,6800,106,12000,122,4600,116,5200,210,10700,
seq_30_42,435,13100,277,6100,111,13000,116,4500,118,6700,202,18200,
seq_30_43,435,11400,170,4200,107,16900,167,6200,132,7400,208,13800,
seq_30_44,435,12300,218,5000,111,14800,116,5000,124,7800,201,22200,
seq_30_45,435,13000,207,4800,111,13800,132,5100,137,5500,209,10500,
seq_30_46,435,13400,271,6100,109,14100,116,4700,120,5300,204,12200,
seq_30_47,435,12200,230,5200,111,14700,133,5400,141,5700,212,12100,
seq_30_48,435,13400,289,6500,113,13400,136,7400,111,7600,195,11100,
seq_30_49,435,13000,258,5900,107,17000,133,5500,129,6100,194,9800,
seq_30_50,435,13000,275,6100,107,13300,139,4900,116,4800,202,9800,
seq_30_51,435,12300,211,4900,114,13900,130,4900,123,5500,203,9500,
seq_30_52,435,14400,249,5600,109,11700,114,8900,166,7100,200,9600,
seq_30_53,435,12700,263,5900,111,12700,130,4900,101,4700,205,10900,
seq_30_54,435,12100,231,5300,107,13800,129,5400,118,6500,208,9500,
seq_30_55,435,13300,286,7700,113,19900,129,6000,100,7800,205,10400,
seq_30_56,435,12600,242,5500,115,15500,112,5100,123,5800,206,11100,
seq_30_57,435,13500,258,5800,112,27400,113,13000,134,7400,201,12000,
seq_30_58,435,12600,238,5500,105,13700,112,5500,157,14000,209,12300,
seq_30_59,435,12900,263,6000,113,14400,125,4700,120,4900,199,9700,
seq_30_60,435,12200,246,5500,115,15200,155,5300,132,5600,207,9600,
seq_30_61,435,13100,271,6100,109,18300,126,4500,145,5800,206,9800,
seq_30_62,435,14700,301,6700,114,12800,155,5000,145,5700,204,9700,
seq_30_63,435,13200,273,6200,107,14600,141,6700,154,5800,208,11000,
seq_30_64,435,12700,243,5500,109,12000,113,4900,130,6500,204,9800,
seq_30_65,435,12100,215,4900,110,12000,122,4400,124,6700,207,9800,
seq_30_66,435,12600,255,5700,109,17800,125,4400,122,5100,204,9800,
seq_30_67,435,12200,232,5300,115,13500,139,5400,152,7500,201,9300,
seq_30_68,435,13100,276,6100,111,13100,123,4500,136,5400,202,9800,
seq_30_69,435,13300,287,6300,111,14300,185,6200,163,5800,200,11200,
seq_30_70,435,11700,213,4800,106,16800,129,4600,131,5600,213,11800,
seq_30_71,435,11800,202,4700,110,16600,112,4600,131,5300,210,9400,
seq_30_72,435,10900,161,3800,111,16700,128,5100,130,5300,206,9700,
seq_30_73,435,12500,245,5500,113,17100,110,4100,137,5900,210,9600,
seq_30_74,435,16600,251,5600,115,14300,131,4300,107,5000,206,9500,
seq_30_75,435,12000,215,5000,112,13000,107,4000,121,5400,209,9300,
seq_30_76,435,13000,266,5900,113,11900,112,5600,134,5800,205,9300,
seq_30_77,435,11400,191,4400,114,11700,123,4900,129,5000,204,9400,
seq_30_78,435,13100,276,7600,112,14700,123,4500,119,6800,198,9800,
seq_30_79,435,14200,343,7500,105,15200,150,5100,122,5200,204,10100,
seq_30_80,435,14100,278,6200,113,12800,121,4800,146,6100,200,11000,
seq_30_81,435,11900,219,5000,115,13100,107,4200,111,5100,205,11200,
seq_30_82,435,13400,287,6400,110,15000,158,4900,118,4900,201,9300,
seq_30_83,435,12400,246,5500,110,12900,142,15400,135,12400,201,9800,
seq_30_84,435,12900,250,5600,113,13100,112,4400,120,4500,205,9300,
seq_30_85,435,11900,216,5000,108,11700,139,5100,119,4900,207,9500,
seq_30_86,435,13000,259,5900,113,12800,109,6600,128,5200,201,9600,
seq_30_87,435,12400,237,5400,113,12000,121,4000,119,4900,203,9500,
seq_30_88,435,12200,232,6600,111,12200,119,4500,174,7100,201,10700,
seq_30_89,435,12600,265,6000,115,13100,132,4300,176,7700,204,9400,
seq_30_90,435,11700,210,4700,115,13500,133,5000,124,4800,201,10600,
seq_30_91,435,12900,271,6000,109,13100,125,4700,119,5300,196,10700,
seq_30_92,435,12900,244,5500,112,13200,140,5000,117,4700,202,9400,
seq_30_93,435,12300,249,5600,116,13100,152,4800,165,6100,206,9300,
seq_30_94,435,12500,251,5600,109,14000,131,4800,109,4600,203,9100,
seq_30_95,435,11800,208,5400,110,13500,125,4400,122,4900,203,9600,
seq_30_96,435,12100,231,5200,115,12100,120,4400,189,6100,202,9600,
seq_30_97,435,22000,250,5700,111,11700,120,5500,140,5300,206,9600,
seq_30_98,435,13700,314,6900,111,11600,130,5700,117,4800,200,9600,
seq_30_99,435,13200,262,6000,108,11600,119,5900,123,13900,207,10200,
seq_40_0,780,21900,427,9300,164,19700,160,5700,202,6900,306,13300,
seq_40_1,780,22500,440,9500,165,28600,261,7800,185,7000,301,14700,
seq_40_2,780,21500,410,8900,162,18500,195,6800,194,7300,302,13700,
seq_40_3,780,22200,430,9300,170,16800,177,6400,173,6800,308,12800,
seq_40_4,780,23000,504,10900,158,16800,185,6800,250,8200,302,13000,
seq_40_5,780,22300,434,9400,164,17600,182,6300,164,7900,303,12900,
seq_40_6,780,20800,373,8200,171,30100,178,7100,195,7400,307,12900,
seq_40_7,780,23300,387,9700,163,18000,203,9300,172,6600,311,13000,
seq_40_8,780,24500,498,10800,169,17500,161,7100,200,9000,302,15900,
seq_40_9,780,34100,506,16000,171,29000,206,10600,195,11500,313,17900,
seq_40_10,780,33300,481,15100,165,28100,210,9900,175,10800,304,20100,
seq_40_11,780,35100,403,15500,164,30900,172,9700,162,24100,307,21200,
seq_40_12,780,35800,441,15000,162,27700,196,21300,179,10500,313,21500,
seq_40_13,780,32600,334,13500,164,29800,172,10200,179,13400,309,19800,
seq_40_14,780,32300,434,13600,171,27200,181,11500,203,11800,309,17700,
seq_40_15,780,29600,342,11200,159,26600,178,9300,178,10800,308,17000,
seq_40_16,780,35700,447,15500,164,28100,213,13800,182,10900,302,19900,
seq_40_17,780,26100,382,8700,165,18700,161,7500,178,6700,316,14300,
seq_40_18,780,21100,339,7500,165,19200,183,28600,177,7000,314,14900,
seq_40_19,780,23700,485,10500,165,18600,185,6700,200,7100,303,12700,
seq_40_20,780,22200,440,9600,173,18300,188,6300,199,6100,298,13700,
seq_40_21,780,23100,487,10500,167,19100,184,6200,169,6900,302,15800,
seq_40_22,780,20400,361,9600,166,19600,190,6900,198,7600,310,12500,
seq_40_23,780,22100,449,9700,165,17200,206,6100,181,6000,304,12400,
seq_40_24,780,27000,444,11400,167,20900,163,8000,208,8100,313,12900,
seq_40_25,780,21500,405,9000,164,18100,225,8600,186,7800,309,12800,
seq_40_26,780,21800,419,9100,164,17300,152,5600,174,6600,301,12500,
seq_40_27,780,21400,395,8700,167,18400,213,6300,220,6700,309,14100,
seq_40_28,780,34000,426,9400,160,18400,203,6000,166,6300,314,14400,
seq_40_29,780,22000,436,9500,171,18200,224,7700,181,6000,317,13900,
seq_40_30,780,22300,426,9200,167,20900,196,6800,160,6400,313,13200,
seq_40_31,780,21400,390,9400,168,18700,190,7200,211,7100,305,12500,
seq_40_32,780,21200,397,8700,171,17500,197,6800,200,7400,305,12400,
seq_40_33,780,27600,391,9300,170,19300,209,5900,162,6500,304,13300,
seq_40_34,780,22100,410,9000,165,19700,227,7600,168,6000,297,14400,
seq_40_35,780,21700,391,8500,169,18500,211,7600,214,7700,309,24300,
seq_40_36,780,21000,371,8200,166,19500,192,7500,176,6900,308,14400,
seq_40_37,780,25500,390,11200,165,22900,180,8300,176,9000,307,15700,
seq_40_38,780,24700,444,9700,165,17600,175,6600,174,11900,299,13500,
seq_40_39,780,22400,456,10000,167,27400,195,7100,211,7400,307,15300,
seq_40_40,780,22700,463,10000,168,9500,187,8200,155,6000,306,12700,
seq_40_41,780,21800,405,9100,166,10000,196,7500,184,11200,307,15300,
seq_40_42,780,21600,415,9100,165,11000,222,8000,171,6400,309,15300,
seq_40_43,780,22700,452,9800,166,7900,201,7100,215,8000,305,13300,
seq_40_44,780,22600,449,9800,163,10400,227,9200,191,10200,305,37300,
seq_40_45,780,33500,367,13700,157,12600,202,12700,175,12400,306,28800,
seq_40_46,780,33800,407,13700,165,10600,185,10800,202,11300,305,18200,
seq_40_47,780,22400,400,9000,167,8100,191,8900,181,7900,311,15800,
seq_40_48,780,24000,393,8800,168,7100,174,6400,165,6100,315,13000,
seq_40_49,780,30500,435,13000,163,8400,189,8500,181,6800,314,14000,
seq_40_50,780,33500,433,13300,168,12000,214,14000,201,12400,307,18700,
seq_40_51,780,32700,403,26100,164,11700,167,10200,178,10200,310,17400,
seq_40_52,780,22400,442,9800,169,7100,166,6300,202,6900,303,13600,
seq_40_53,780,31900,395,12500,159,12200,166,9400,225,12200,307,20000,
seq_40_54,780,30200,428,9500,161,6800,213,6400,185,7000,302,14200,
seq_40_55,780,21700,409,9000,167,7300,180,6900,186,7000,310,13300,
seq_40_56,780,34300,411,14300,168,10800,161,9700,247,15700,314,19100,
seq_40_57,780,34800,456,14700,155,12000,165,11800,185,10600,307,18700,
seq_40_58,780,82500,474,10600,167,8100,185,5900,200,7800,304,14700,
seq_40_59,780,22400,426,9400,164,7500,221,6600,172,6600,306,14600,
seq_40_60,780,23600,482,10500,160,6600,205,7500,189,6700,290,12700,
seq_40_61,780,23600,391,8600,168,14200,182,5900,157,6800,309,14000,
seq_40_62,780,22300,450,9900,161,6700,164,5600,178,6300,302,13800,
seq_40_63,780,21100,371,8400,169,5300,190,7200,168,7100,303,12600,
seq_40_64,780,21800,400,8800,162,6700,171,6600,200,8900,308,12400,
seq_40_65,780,22400,428,9400,167,7600,165,6700,183,6400,320,14400,
seq_40_66,780,22800,462,10100,162,5500,207,13200,188,7100,297,12800,
seq_40_67,780,31400,494,14200,164,10600,173,3400,205,8900,291,14000,
seq_40_68,780,57600,436,9700,169,6600,174,2800,179,6400,310,14600,
seq_40_69,780,23600,507,11000,167,5400,184,4800,176,10600,302,17200,
seq_40_70,780,31100,346,12300,158,11000,228,4900,187,14600,298,28700,
seq_40_71,780,30900,371,10200,165,12500,195,4200,192,12100,307,19600,
seq_40_72,780,22600,454,10100,163,6900,203,4100,221,10100,306,22800,
seq_40_73,780,22100,417,9200,162,7000,160,2600,198,8800,304,24100,
seq_40_74,780,23300,466,10200,167,7900,172,2700,245,8900,294,16900,
seq_40_75,780,21700,391,8800,162,7800,196,5000,195,7400,311,11400,
seq_40_76,780,24100,518,11300,164,6600,185,2700,264,8800,303,11100,
seq_40_77,780,21800,422,9400,163,9700,189,2800,189,6000,304,11100,
seq_40_78,780,57100,450,10000,165,6700,171,2700,177,7200,317,11300,
seq_40_79,780,21800,412,9100,168,11500,180,2800,182,6600,310,12300,
seq_40_80,780,22200,427,9300,165,7400,201,2800,185,6600,321,11100,
seq_40_81,780,22400,420,9700,164,8400,193,2600,165,8400,314,14400,
seq_40_82,780,23900,471,10400,166,10600,183,4800,181,7600,299,11900,
seq_40_83,780,23300,488,10600,162,7000,240,3100,189,6400,303,11200,
seq_40_84,780,22800,427,9400,168,7300,186,3600,173,6900,302,10900,
seq_40_85,780,21600,398,8900,165,7100,181,2900,167,6800,308,11200,
seq_40_86,780,24900,433,10400,159,9200,182,3800,201,17800,300,13800,
seq_40_87,780,23300,492,10800,162,8400,228,4100,192,3200,294,11000,
seq_40_88,780,84200,371,29100,170,11400,271,4300,170,4300,309,26700,
seq_40_89,780,35300,398,15200,161,11400,237,3400,208,4500,316,12700,
seq_40_90,780,35800,434,13500,165,11100,204,4300,252,5200,307,12200,
seq_40_91,780,23600,464,10100,166,7100,239,2900,197,2900,302,9500,
seq_40_92,780,7500,384,8400,160,6700,221,2800,186,2600,307,9100,
seq_40_93,780,7300,430,9300,163,6900,160,2600,211,3300,314,8900,
seq_40_94,780,7900,371,8300,167,6600,171,2600,174,2700,313,11900,
seq_40_95,780,6800,445,9800,171,5300,191,2400,167,2600,309,8700,
seq_40_96,780,6700,400,8700,169,7600,223,2900,177,4500,305,8900,
seq_40_97,780,6900,424,9200,169,10700,173,2500,169,2600,304,11800,
seq_40_98,780,7300,386,9300,164,7000,186,2800,178,3100,313,8900,
seq_40_99,780,6900,545,11700,162,6800,187,2700,178,4900,300,8900,
seq_50_0,1225,10300,658,14100,217,8700,233,4700,231,4000,407,11100,
seq_50_1,1225,10100,666,14300,220,8100,262,5700,242,6700,417,19600,
seq_50_2,1225,11200,684,14600,225,9000,261,3600,269,5200,427,15800,
seq_50_3,1225,10400,655,14000,220,8800,286,3700,249,3700,415,12600,
seq_50_4,1225,11000,600,13100,214,10100,263,3700,248,3600,420,13000,
seq_50_5,1225,10300,607,97500,231,11600,252,4500,226,4600,421,15700,
seq_50_6,1225,10500,558,12300,222,8400,225,9800,243,3900,422,12800,
seq_50_7,1225,10700,738,15700,222,7800,287,4800,241,3800,412,11300,
seq_50_8,1225,16800,683,14600,216,12200,229,3400,258,3600,420,11400,
seq_50_9,1225,10700,632,13500,226,7500,256,3500,274,5100,413,11500,
seq_50_10,1225,9500,686,14600,224,8900,224,3200,256,3500,412,11200,
seq_50_11,1225,10300,676,14300,225,9300,227,3400,236,3800,421,19000,
seq_50_12,1225,9900,598,13100,223,11300,262,3700,300,4200,419,13600,
seq_50_13,1225,9900,724,15300,222,8300,223,3400,220,3600,403,15200,
seq_50_14,1225,11100,655,13900,219,8000,312,4800,223,3600,417,11500,
seq_50_15,1225,9800,628,13500,222,8700,282,3400,292,3700,413,11700,
seq_50_16,1225,10100,594,12700,231,7400,298,5100,281,5400,411,11600,
seq_50_17,1225,10200,719,15200,217,8800,233,3200,269,3900,400,11200,
seq_50_18,1225,10200,700,117600,220,9200,247,3300,239,3800,416,12900,
seq_50_19,1225,11300,693,15700,221,11200,256,4200,236,4300,417,14600,
seq_50_20,1225,9700,669,14200,218,8100,250,3300,272,4000,403,11400,
seq_50_21,1225,10800,666,14200,228,8600,251,5100,262,3900,415,11700,
seq_50_22,1225,11600,656,13900,225,7900,233,3300,259,3700,414,11300,
seq_50_23,1225,10000,663,14300,219,7900,255,3500,234,5400,415,11400,
seq_50_24,1225,9900,694,14600,214,10800,256,3400,253,3600,416,11100,
seq_50_25,1225,11000,622,13300,222,10100,250,3600,304,3900,413,13400,
seq_50_26,1225,9800,695,14800,223,10300,256,3700,238,3500,404,13500,
seq_50_27,1225,11500,570,12500,214,9500,290,3900,276,3900,428,12900,
seq_50_28,1225,10700,537,11800,223,8400,261,5000,222,3800,413,11800,
seq_50_29,1225,10300,449,9900,221,7600,329,5000,288,3900,416,11500,
seq_50_30,1225,10200,654,37100,223,8600,236,3200,258,3800,424,11500,
seq_50_31,1225,12000,616,15300,219,11700,270,6400,229,9300,415,15800,
seq_50_32,1225,10100,633,13600,227,10400,255,3600,278,4100,420,11200,
seq_50_33,1225,10800,629,3800,218,10100,279,3800,258,4000,422,14300,
seq_50_34,1225,10300,687,3500,225,9700,292,3700,231,3700,418,12800,
seq_50_35,1225,10700,657,3400,223,7800,242,3500,240,3300,416,11700,
seq_50_36,1225,10500,639,3300,228,7700,280,4800,257,3900,418,11300,
seq_50_37,1225,10600,618,3200,223,12200,240,3400,278,4000,422,11200,
seq_50_38,1225,10300,604,3300,218,14500,244,3300,273,7300,419,11100,
seq_50_39,1225,10300,645,3300,223,8700,265,3200,255,3600,415,11000,
seq_50_40,1225,10300,691,3500,220,9300,242,3300,233,3600,421,12700,
seq_50_41,1225,9400,744,3800,227,8900,369,3900,256,3600,408,12900,
seq_50_42,1225,11200,637,3300,227,7900,243,3600,257,3600,420,11300,
seq_50_43,1225,9900,577,3100,220,8300,235,4500,256,4000,417,11000,
seq_50_44,1225,10300,692,3700,225,7600,303,3400,255,3800,418,11100,
seq_50_45,1225,9700,759,3800,219,7500,243,3100,296,4600,401,11100,
seq_50_46,1225,9500,708,3600,230,8600,229,5600,259,4100,415,11300,
seq_50_47,1225,10500,630,3200,224,8700,235,3300,241,3400,410,12200,
seq_50_48,1225,10000,729,3700,225,11600,253,3400,280,3900,420,12500,
seq_50_49,1225,10800,648,3500,213,9700,256,3400,234,3800,420,12800,
seq_50_50,1225,10500,682,4600,222,8000,277,3600,246,3600,412,12200,
seq_50_51,1225,11200,652,3500,222,7700,246,5100,247,3700,416,11300,
seq_50_52,1225,11300,644,4300,220,12100,231,4000,295,4300,412,12200,
seq_50_53,1225,9900,743,3700,219,7400,244,3300,298,5200,401,11300,
seq_50_54,1225,10100,698,3600,225,9700,264,3600,229,5700,408,11200,
seq_50_55,1225,10500,664,3500,218,8800,255,3200,311,3800,428,12700,
seq_50_56,1225,9900,693,3500,217,9700,225,3200,262,4000,405,12100,
seq_50_57,1225,10100,662,3400,224,7700,291,3600,239,3500,414,12300,
seq_50_58,1225,10600,706,3500,226,7500,274,4600,222,3700,408,11200,
seq_50_59,1225,10000,614,3100,222,7300,252,3700,253,3500,419,11100,
seq_50_60,1225,10400,768,3800,224,7500,233,3100,228,4900,425,11600,
seq_50_61,1225,10700,621,3200,224,9000,253,4700,303,4300,416,11000,
seq_50_62,1225,9800,662,3400,218,10400,317,4000,215,3500,408,12400,
seq_50_63,1225,10200,810,4000,227,10600,257,3200,371,4200,414,12700,
seq_50_64,1225,12200,703,4600,225,13200,251,4000,276,4000,417,13000,
seq_50_65,1225,9500,684,3500,225,7500,249,4300,272,3800,409,10900,
seq_50_66,1225,13100,803,5400,222,10600,335,5400,241,5500,409,14300,
seq_50_67,1225,14400,745,5400,223,11400,242,4700,275,6500,413,15000,
seq_50_68,1225,13400,685,5000,224,12600,259,4000,243,5100,413,14600,
seq_50_69,1225,14400,616,5300,222,16300,264,5000,263,5300,427,14400,
seq_50_70,1225,15600,714,4800,226,17400,230,3900,236,4200,394,18400,
seq_50_71,1225,9900,683,3600,223,14800,238,3400,276,3800,403,14900,
seq_50_72,1225,13800,482,4400,222,22500,240,4800,302,5400,423,20500,
seq_50_73,1225,12400,559,4300,229,12900,290,6800,251,5100,416,14900,
seq_50_74,1225,13100,696,5100,225,12800,229,6300,242,5200,417,15300,
seq_50_75,1225,13500,719,5600,220,12300,236,4800,315,9100,410,15000,
seq_50_76,1225,14300,622,4800,224,14300,278,4900,244,7100,426,15000,
seq_50_77,1225,12500,683,4800,216,14300,232,6700,240,5300,408,16500,
seq_50_78,1225,9400,643,3300,224,8900,260,3600,253,3700,418,14100,
seq_50_79,1225,10100,570,3000,222,7600,231,3200,238,3500,422,12600,
seq_50_80,1225,10100,739,3800,219,7600,236,4200,301,4400,403,10900,
seq_50_81,1225,9900,695,3600,220,8700,243,3200,244,3500,413,11100,
seq_50_82,1225,10000,653,3400,226,7000,238,3000,289,5300,410,12400,
seq_50_83,1225,9800,706,3600,222,9700,249,3400,244,3800,421,11200,
seq_50_84,1225,9800,578,3000,213,8700,240,3200,234,3900,415,12600,
seq_50_85,1225,10800,586,3100,232,8800,234,3300,261,3500,423,12400,
seq_50_86,1225,9600,643,3300,229,7800,262,3500,247,5000,419,11100,
seq_50_87,1225,11800,625,4000,218,8500,254,5700,273,4500,414,12200,
seq_50_88,1225,10100,604,3200,220,7600,304,3600,239,3700,414,11300,
seq_50_89,1225,10400,692,3500,226,7600,253,3600,235,4700,408,11100,
seq_50_90,1225,9400,636,3300,220,12900,255,3400,230,4500,410,11300,
seq_50_91,1225,9900,745,3700,220,9400,254,3200,277,3600,403,11100,
seq_50_92,1225,9600,559,3000,223,9000,246,6900,275,4300,414,14600,
seq_50_93,1225,10000,615,3200,227,8500,235,3400,321,4100,418,15000,
seq_50_94,1225,11600,765,4000,219,8600,240,4500,237,3800,412,11400,
seq_50_95,1225,9800,636,3300,220,7300,224,3200,249,3500,420,11100,
seq_50_96,1225,10100,618,3300,222,7300,244,3300,233,5500,419,11300,
seq_50_97,1225,9900,653,3400,223,9100,235,3400,228,4700,420,11100,
seq_50_98,1225,10500,720,3500,223,8400,229,3300,224,3400,405,11100,
seq_50_99,1225,10500,665,3400,223,9000,316,3700,283,3800,412,12300,
seq_60_0,1770,13800,879,4400,280,12000,331,6100,326,5600,525,15800,
seq_60_1,1770,13900,882,4500,280,11300,364,5600,324,4100,530,13800,
seq_60_2,1770,14900,914,4500,278,9500,382,4500,386,5700,513,13400,
seq_60_3,1770,14400,980,6200,281,16000,394,5100,311,8300,522,14500,
seq_60_4,1770,16900,801,4200,278,13600,364,4400,332,4600,529,15100,
seq_60_5,1770,13900,913,4500,279,8500,321,3900,314,4400,520,14400,
seq_60_6,1770,13900,931,4600,283,9400,320,6900,317,5100,523,14400,
seq_60_7,1770,13600,1037,5000,284,9900,311,4900,330,4400,529,13500,
seq_60_8,1770,15400,920,5800,284,9800,308,3900,315,5800,520,13700,
seq_60_9,1770,14200,831,4200,279,9400,328,4000,344,5700,532,13900,
seq_60_10,1770,17400,943,6300,279,12400,308,5800,313,6500,520,17300,
seq_60_11,1770,13200,935,4600,285,9500,306,4200,313,4600,515,15800,
seq_60_12,1770,13400,875,4400,281,8100,340,4200,336,4200,522,15100,
seq_60_13,1770,13600,1084,5200,283,9100,333,5100,367,4700,520,13300,
seq_60_14,1770,14600,972,4800,281,10100,323,4100,364,5000,540,14000,
seq_60_15,1770,14300,831,4300,278,10000,341,4100,321,5100,525,14400,
seq_60_16,1770,14300,1008,5500,289,10500,303,4400,293,5100,528,13900,
seq_60_17,1770,16700,943,5100,276,10100,297,4200,314,6700,525,13700,
seq_60_18,1770,14500,1017,5300,282,9800,332,4500,315,5700,525,13800,
seq_60_19,1770,13900,917,4900,282,9700,373,5400,358,4900,530,14500,
seq_60_20,1770,14100,946,5000,281,8900,399,5000,308,4700,525,14600,
seq_60_21,1770,14100,921,4900,280,10400,310,5200,322,4900,537,13600,
seq_60_22,1770,14600,882,4600,283,9600,308,4300,341,4800,529,13700,
seq_60_23,1770,16200,889,4700,279,10200,340,4800,290,8300,524,13800,
seq_60_24,1770,14700,1111,5700,276,9700,321,4400,330,4700,536,13800,
seq_60_25,1770,16900,917,4900,278,9800,415,5100,338,4900,516,14500,
seq_60_26,1770,14500,891,6100,281,10400,303,4800,351,5600,526,15400,
seq_60_27,1770,15300,984,6200,288,10800,311,5400,332,4700,525,13900,
seq_60_28,1770,15600,886,4700,284,9600,296,4100,332,4700,530,13600,
seq_60_29,1770,14900,957,5000,281,9500,343,5200,296,6300,523,13700,
seq_60_30,1770,15000,1084,5600,283,9800,337,4300,371,4700,522,13800,
seq_60_31,1770,15400,976,5100,275,8600,351,4700,366,7800,538,15100,
seq_60_32,1770,14700,947,5000,277,10100,295,6000,361,4900,527,14800,
seq_60_33,1770,16700,868,4800,282,10800,399,6100,406,8800,531,14500,
seq_60_34,1770,15600,888,4800,282,10500,333,4300,341,5000,529,13800,
seq_60_35,1770,16300,1017,5300,276,9700,301,4300,305,5200,520,45800,
seq_60_36,1770,15900,1032,5400,288,10300,317,4300,317,6100,521,13600,
seq_60_37,1770,15400,858,4500,281,9600,342,4400,282,4400,527,14900,
seq_60_38,1770,14800,924,4900,277,8400,315,4300,316,4800,533,15100,
seq_60_39,1770,14900,947,4900,277,10100,391,5500,320,4900,528,15700,
seq_60_40,1770,15200,968,5100,277,15400,350,7400,344,4700,532,13900,
seq_60_41,1770,15600,966,5100,283,14200,366,4400,360,8100,528,13600,
seq_60_42,1770,15200,953,5100,281,10600,389,4400,356,6400,530,13700,
seq_60_43,1770,16300,1041,5400,287,9800,311,4400,323,4800,522,14900,
seq_60_44,1770,15000,950,5100,283,9000,342,5700,316,5400,533,16800,
seq_60_45,1770,14700,1024,5300,280,9900,315,5600,349,5100,518,17200,
seq_60_46,1770,15300,1008,5400,280,9500,332,5400,320,4600,522,13300,
seq_60_47,1770,15000,1032,5300,276,10300,313,4400,344,6100,529,13700,
seq_60_48,1770,15700,860,4600,282,9500,379,5000,329,5800,520,13900,
seq_60_49,1770,15700,929,4900,282,10200,339,4000,388,5200,520,14000,
seq_60_50,1770,15900,902,4800,282,9400,299,4200,319,4500,528,14500,
seq_60_51,1770,15400,1060,5500,280,9500,328,8200,329,4900,525,14300,
seq_60_52,1770,14700,907,4900,283,9800,301,5400,282,4400,520,14800,
seq_60_53,1770,14200,972,5200,284,9900,320,4400,329,4800,529,13600,
seq_60_54,1770,15500,1031,6800,280,11900,290,4600,319,6600,533,14600,
seq_60_55,1770,15100,1062,5500,288,10600,355,4600,378,5600,529,13400,
seq_60_56,1770,14900,965,5100,282,15100,357,4300,313,4600,519,15900,
seq_60_57,1770,15600,926,4900,279,12000,326,5300,354,5200,527,16600,
seq_60_58,1770,15600,855,4600,281,9600,327,5200,342,5000,527,14500,
seq_60_59,1770,14700,885,4700,282,10000,393,4900,307,4500,530,13400,
seq_60_60,1770,15100,1027,5400,277,9800,290,4100,301,5900,535,15600,
seq_60_61,1770,14400,974,5100,281,10100,336,4500,340,5000,529,13500,
seq_60_62,1770,16600,896,4700,283,9400,312,4500,370,4700,530,15000,
seq_60_63,1770,16100,982,5200,288,8500,358,4400,273,4400,523,14900,
seq_60_64,1770,15600,996,5200,284,10200,365,5400,298,4600,522,13500,
seq_60_65,1770,15100,926,4900,288,9500,362,4600,316,4300,536,13300,
seq_60_66,1770,15100,1009,5300,283,9900,331,4100,325,5800,517,15100,
seq_60_67,1770,14800,916,4900,284,9900,304,4300,287,5500,523,13500,
seq_60_68,1770,15400,945,5000,277,9600,319,4400,348,5000,525,14600,
seq_60_69,1770,15300,910,4800,285,9500,335,4600,302,5900,526,13700,
seq_60_70,1770,17400,964,5000,281,8700,300,5200,356,5500,526,21000,
seq_60_71,1770,14500,1008,5300,279,10100,299,5400,329,4500,518,14700,
seq_60_72,1770,14300,830,4500,284,10100,345,5700,340,4800,521,13400,
seq_60_73,1770,14600,997,5200,283,9500,325,4600,420,5800,508,13300,
seq_60_74,1770,13700,823,4400,283,9700,395,4600,303,4500,522,14000,
seq_60_75,1770,15300,822,4400,283,9300,325,4300,288,4500,538,14700,
seq_60_76,1770,14900,873,4700,279,8200,347,4700,318,4600,530,15000,
seq_60_77,1770,14800,1111,5700,268,10900,339,8300,311,4600,522,13000,
seq_60_78,1770,14100,890,4700,284,10100,299,3900,336,4800,524,13300,
seq_60_79,1770,15400,886,4800,284,9300,310,4200,304,5900,526,13400,
seq_60_80,1770,14400,800,4300,281,9300,361,4700,334,7300,533,13700,
seq_60_81,1770,14800,885,4700,285,9800,300,4200,317,4800,516,14400,
seq_60_82,1770,14100,929,4900,274,8300,325,6400,381,5000,518,14300,
seq_60_83,1770,14900,879,4600,282,10200,398,5200,325,4600,534,14400,
seq_60_84,1770,14400,883,4700,283,9600,334,5400,301,4400,529,13300,
seq_60_85,1770,15700,998,5200,283,10200,333,4200,335,5800,516,13300,
seq_60_86,1770,14600,950,5000,279,10200,311,4400,340,6000,528,13100,
seq_60_87,1770,15300,1002,5300,278,13700,318,4600,307,5800,531,13400,
seq_60_88,1770,15600,873,4700,282,9200,376,4700,315,4300,536,14200,
seq_60_89,1770,14500,1055,5500,277,8000,337,4400,306,4500,519,14200,
seq_60_90,1770,14100,1093,5700,282,11000,328,5100,434,4800,519,13400,
seq_60_91,1770,15000,873,4700,286,9100,335,4300,310,4300,523,13500,
seq_60_92,1770,16300,985,5100,284,9900,319,3900,325,5900,518,13900,
seq_60_93,1770,16100,972,5100,289,9000,340,4300,299,4600,532,13500,
seq_60_94,1770,14100,975,5000,283,10200,326,4500,328,4600,528,14400,
seq_60_95,1770,16300,958,5000,285,10900,281,34300,314,8700,527,18400,
seq_60_96,1770,16500,902,4800,288,10400,329,8000,384,5300,519,14700,
seq_60_97,1770,15900,1083,5600,284,15400,323,4300,324,4600,524,17100,
seq_60_98,1770,15700,1076,5500,280,15200,279,4100,329,7800,531,13600,
seq_60_99,1770,15700,1046,5400,282,10300,300,4100,338,4700,524,14600,
seq_70_0,2415,19600,1228,6400,346,12000,399,5200,435,5500,647,16000,
seq_70_1,2415,26700,1168,8900,346,16300,399,7500,366,9300,650,20100,
seq_70_2,2415,27600,1258,9700,341,17600,400,7900,336,7400,645,20100,
seq_70_3,2415,26800,1397,10600,346,17500,392,7300,410,7500,633,22800,
seq_70_4,2415,28000,1396,12300,347,16100,385,6500,381,7400,639,19600,
seq_70_5,2415,27100,1368,10400,339,15900,355,6300,343,7400,647,19900,
seq_70_6,2415,24500,1159,8900,344,17200,365,6700,387,11500,647,20100,
seq_70_7,2415,27200,1169,8900,335,18800,416,7000,436,7900,653,23200,
seq_70_8,2415,30400,1307,10000,342,17000,398,7300,430,8400,646,22200,
seq_70_9,2415,27400,1198,9500,340,15700,378,6900,380,7900,640,21600,
seq_70_10,2415,28600,1034,8200,339,18200,401,7100,447,9600,650,20100,
seq_70_11,2415,27100,1199,9200,343,17200,366,6300,472,8600,637,20000,
seq_70_12,2415,27100,1133,8300,338,16600,402,7300,345,7000,667,21000,
seq_70_13,2415,26700,1362,9400,348,14700,434,7000,455,7300,641,19100,
seq_70_14,2415,26500,1130,9200,338,21100,423,7300,359,9100,647,19800,
seq_70_15,2415,27600,1248,9600,340,24600,358,6500,391,7400,641,20800,
seq_70_16,2415,28400,1130,8900,351,33900,399,8300,356,7900,651,20500,
seq_70_17,2415,21700,1314,7200,341,12300,409,5900,403,10900,655,16600,
seq_70_18,2415,20800,1262,6500,335,13300,385,5100,473,6000,639,16200,
seq_70_19,2415,148400,1448,7500,345,14400,358,5300,357,6000,648,18600,
seq_70_20,2415,19200,1170,6100,347,13000,383,5300,382,5700,644,16300,
seq_70_21,2415,20800,1235,6300,336,16500,354,5100,418,5400,643,16300,
seq_70_22,2415,21600,1172,6100,349,14000,384,5300,437,9400,644,16100,
seq_70_23,2415,20100,1268,6500,341,19300,405,5100,337,5200,652,18700,
seq_70_24,2415,22700,1230,6500,342,16300,382,6100,349,6400,651,21200,
seq_70_25,2415,21800,1177,6200,351,11700,387,5500,363,7200,645,16800,
seq_70_26,2415,20200,1463,12400,348,14800,406,5300,373,6800,642,17300,
seq_70_27,2415,19700,1124,6000,344,12600,434,5700,471,6400,650,17700,
seq_70_28,2415,19600,1214,6300,337,10900,421,5100,392,5500,654,16700,
seq_70_29,2415,21000,1256,6700,350,10900,463,5400,383,9200,656,16700,
seq_70_30,2415,20700,1242,6600,343,12200,369,5000,399,5900,650,16200,
seq_70_31,2415,20700,1413,7200,347,12800,344,4700,425,5900,634,17100,
seq_70_32,2415,21000,1333,6700,342,11100,367,4900,476,6000,632,15900,
seq_70_33,2415,20600,1322,6800,345,11500,393,5400,440,7200,648,15800,
seq_70_34,2415,21600,1362,7000,343,12500,405,5200,393,5400,642,16100,
seq_70_35,2415,21500,1397,7000,346,12400,454,5600,376,5300,645,17900,
seq_70_36,2415,21600,1189,6200,349,11200,455,5700,377,5300,658,23000,
seq_70_37,2415,19700,1367,7000,352,10900,408,5100,492,5700,644,16200,
seq_70_38,2415,20300,1184,6100,341,10700,397,5200,417,6700,650,15700,
seq_70_39,2415,30200,1224,10900,333,22800,367,8100,471,13100,649,23600,
seq_70_40,2415,29200,1391,12000,341,18600,380,7800,513,9100,633,22100,
seq_70_41,2415,29200,1209,10300,342,17100,373,7300,413,7000,636,20900,
seq_70_42,2415,29500,1167,10900,343,17500,367,6600,413,9000,645,20300,
seq_70_43,2415,37700,1294,9100,343,20300,378,8700,387,7300,638,22300,
seq_70_44,2415,26500,1339,10200,345,22100,405,6900,343,6900,651,22900,
seq_70_45,2415,27200,1421,10900,346,17900,385,7200,390,8600,646,22000,
seq_70_46,2415,21000,1221,6500,340,12900,404,5100,367,7300,645,17200,
seq_70_47,2415,20300,1219,6400,341,12500,432,5800,426,5300,645,17100,
seq_70_48,2415,27100,1074,8800,346,20400,378,9000,444,9200,653,24000,
seq_70_49,2415,29000,1284,9800,347,16100,373,7000,434,7800,648,20200,
seq_70_50,2415,27800,1251,9400,341,18200,488,7900,384,13200,660,19600,
seq_70_51,2415,26500,1147,8800,345,18500,392,6900,394,7600,646,21700,
seq_70_52,2415,28900,1331,10200,344,23100,491,7800,410,7800,637,21300,
seq_70_53,2415,28600,1259,9700,348,15900,359,6200,449,7700,647,19700,
seq_70_54,2415,28300,1273,9700,341,16500,399,7500,360,8700,647,19900,
seq_70_55,2415,26600,1273,9600,349,23600,358,6500,393,7500,645,19900,
seq_70_56,2415,28700,1417,10600,337,24900,399,6800,396,7700,631,23000,
seq_70_57,2415,28400,1404,10600,341,18300,386,7000,472,8900,639,30500,
seq_70_58,2415,28000,1234,9300,340,16100,450,7500,369,7800,627,19400,
seq_70_59,2415,27700,1432,10600,338,16000,411,7000,383,9800,647,19800,
seq_70_60,2415,26600,1006,8000,340,17300,416,6700,386,7400,660,20100,
seq_70_61,2415,29500,1410,10400,345,17600,386,7100,356,10100,648,21000,
seq_70_62,2415,29500,1458,10800,342,16100,371,7200,430,7800,626,19500,
seq_70_63,2415,27400,1323,9800,335,15500,390,8600,471,10000,633,19200,
seq_70_64,2415,26100,1142,8600,340,17500,362,6200,389,7300,642,19900,
seq_70_65,2415,27700,1170,8900,334,18000,441,7900,472,7700,649,20800,
seq_70_66,2415,26100,1099,8600,345,16500,373,6700,370,7700,664,20300,
seq_70_67,2415,27800,1477,11200,353,15200,408,7100,402,10000,643,20400,
seq_70_68,2415,28700,1305,10500,350,19100,394,6700,359,7500,646,20200,
seq_70_69,2415,27800,1138,9200,343,18800,519,8500,376,7900,654,22400,
seq_70_70,2415,28500,1415,10400,347,16400,410,7100,385,8000,647,21300,
seq_70_71,2415,27600,1329,10500,344,15800,400,6800,420,9200,635,21100,
seq_70_72,2415,27800,1225,11000,345,19100,398,7500,368,13300,649,21200,
seq_70_73,2415,25800,1250,9700,342,18100,413,7500,421,7900,636,22200,
seq_70_74,2415,27900,1311,10100,343,18600,428,7300,423,7800,653,21600,
seq_70_75,2415,27700,1457,11000,342,15900,404,7500,434,7900,643,20000,
seq_70_76,2415,28000,1101,8500,335,17600,367,6900,386,9400,653,19600,
seq_70_77,2415,28000,1335,9900,344,17900,409,7100,430,7300,644,21000,
seq_70_78,2415,25000,1127,8600,346,17000,431,7400,361,6900,652,21600,
seq_70_79,2415,26600,1104,8500,341,15900,496,7400,439,8200,651,19300,
seq_70_80,2415,27800,1324,9900,345,17100,402,6500,371,8600,646,19300,
seq_70_81,2415,30100,1396,10400,346,17600,426,7100,392,32500,638,21700,
seq_70_82,2415,28400,1310,10000,344,16000,369,6600,375,11600,639,19800,
seq_70_83,2415,27000,1203,9200,340,17200,419,7700,438,7100,646,21300,
seq_70_84,2415,27800,1039,10300,342,15800,394,6900,442,7600,647,19600,
seq_70_85,2415,27400,1265,9500,346,17200,360,6400,375,6800,651,19900,
seq_70_86,2415,27700,1330,9900,343,16100,394,6700,449,7500,651,19600,
seq_70_87,2415,26700,1282,9600,351,27200,390,6200,398,7200,648,19200,
seq_70_88,2415,27700,1327,10000,344,20700,410,6600,370,6900,650,21600,
seq_70_89,2415,28600,1155,8900,353,19300,357,6500,430,7300,644,20300,
seq_70_90,2415,29700,1211,9400,335,16300,373,6500,439,7200,657,23500,
seq_70_91,2415,27700,1244,9400,346,18800,405,7300,415,7100,647,19200,
seq_70_92,2415,26900,1160,9100,340,16100,430,7000,374,6800,646,21400,
seq_70_93,2415,28000,1123,8500,347,16700,451,7600,367,7200,641,19700,
seq_70_94,2415,29200,1471,10900,350,17800,483,7800,382,7100,645,22100,
seq_70_95,2415,28500,1367,10400,343,18400,462,7800,464,7400,636,20800,
seq_70_96,2415,26500,1235,9500,344,17500,444,7300,362,7600,660,23100,
seq_70_97,2415,29400,1355,9400,352,14900,396,6300,408,7200,647,19500,
seq_70_98,2415,27500,1402,12800,343,18600,494,7200,344,7200,648,21800,
seq_70_99,2415,28900,1270,10100,339,16300,374,7100,376,7200,647,20000,
seq_80_0,3160,34700,1670,11900,405,19800,480,8000,465,7800,767,22700,
seq_80_1,3160,36500,1661,11500,405,18600,440,7500,458,8000,766,25100,
seq_80_2,3160,34100,1859,12900,400,19800,506,8000,510,7900,768,22600,
seq_80_3,3160,35100,1679,11500,403,18500,497,8000,430,7600,775,24800,
seq_80_4,3160,33500,1781,12400,413,20300,450,7500,470,7100,776,22400,
seq_80_5,3160,32400,1590,11100,412,22200,527,8100,518,8200,776,24500,
seq_80_6,3160,35200,1800,12300,409,18500,533,8500,511,8300,775,22200,
seq_80_7,3160,32700,1860,13000,407,18500,605,8400,438,7000,763,24600,
seq_80_8,3160,34200,1714,12000,404,18800,468,7400,499,8100,770,22100,
seq_80_9,3160,34300,1737,12100,411,18600,474,7300,469,7200,765,24600,
seq_80_10,3160,37300,1740,12100,410,19400,453,7400,473,9500,770,22500,
seq_80_11,3160,34400,1730,12100,408,18700,512,8000,499,7300,784,25000,
seq_80_12,3160,35500,1723,12100,411,18500,502,7600,469,7800,750,22100,
seq_80_13,3160,33200,1722,12200,413,18400,482,7900,443,7800,781,25100,
seq_80_14,3160,35900,1602,11100,407,18600,493,7900,420,7200,784,27600,
seq_80_15,3160,32500,1357,9900,407,18800,463,7600,499,8000,779,24700,
seq_80_16,3160,36400,1651,11600,410,20600,415,7400,479,7700,770,23900,
seq_80_17,3160,37900,1725,12000,401,18200,427,7600,506,7400,775,25000,
seq_80_18,3160,36400,1412,9700,407,19800,547,8200,505,8400,767,24600,
seq_80_19,3160,36000,1704,10900,411,20800,500,8500,476,7800,775,26700,
seq_80_20,3160,38100,1797,13100,412,19300,530,8100,497,8400,764,24500,
seq_80_21,3160,33300,1741,12100,409,26200,471,8400,524,9200,764,26100,
seq_80_22,3160,25800,1652,7900,407,16200,491,6200,462,6100,763,19100,
seq_80_23,3160,23800,1735,8200,405,13900,453,5500,417,6000,762,19600,
seq_80_24,3160,24300,1557,9700,397,14100,490,5600,465,7000,778,19800,
seq_80_25,3160,26000,1627,7800,411,13200,472,5400,440,7100,751,20400,
seq_80_26,3160,32700,1662,10300,415,13000,557,5800,539,6800,768,18600,
seq_80_27,3160,25200,1690,7900,412,13000,441,5500,469,6100,773,20000,
seq_80_28,3160,24700,1760,8100,409,12900,458,5600,563,6800,756,18500,
seq_80_29,3160,24600,1565,7400,400,12800,431,5400,542,5900,781,19800,
seq_80_30,3160,23900,2017,9200,413,13300,510,5900,466,5900,759,18400,
seq_80_31,3160,27300,1599,7700,414,13900,428,5500,469,6300,777,21000,
seq_80_32,3160,28600,1685,7900,411,13000,475,5700,519,5900,767,18400,
seq_80_33,3160,32500,1711,8300,410,13500,539,6300,458,5800,769,20600,
seq_80_34,3160,25300,1408,6800,401,19200,439,5800,428,7000,790,18900,
seq_80_35,3160,26200,1697,8100,403,13800,560,6500,440,6200,761,20100,
seq_80_36,3160,25600,1535,7300,412,13400,515,5700,543,5600,770,18600,
seq_80_37,3160,26100,1481,7100,404,12900,488,5900,432,5700,778,19800,
seq_80_38,3160,25000,1516,7200,410,12900,432,5400,592,6200,783,18400,
seq_80_39,3160,25400,1812,8400,414,12600,525,6100,453,5700,762,19300,
seq_80_40,3160,30800,1596,7500,417,12800,452,5600,533,6200,767,18600,
seq_80_41,3160,25500,1785,8400,415,12300,487,5800,529,5700,758,19400,
seq_80_42,3160,26300,1548,7300,417,13000,481,6100,475,5900,774,19400,
seq_80_43,3160,23900,1669,7900,404,12400,515,5500,411,5600,777,18300,
seq_80_44,3160,26200,1574,7500,409,13000,473,5700,456,5800,774,19800,
seq_80_45,3160,25400,1540,7400,395,12900,556,6000,481,6100,768,18300,
seq_80_46,3160,25500,1792,8300,415,12900,510,5900,453,5800,766,19400,
seq_80_47,3160,26300,1699,7900,405,13300,553,6400,501,5900,769,18800,
seq_80_48,3160,24700,1495,7100,404,12800,550,6400,434,6000,775,19100,
seq_80_49,3160,25600,1505,7200,414,12500,542,6200,442,6100,775,19800,
seq_80_50,3160,27300,1773,11300,405,13100,497,5800,622,6500,776,19600,
seq_80_51,3160,25400,1698,8000,406,12500,445,5400,557,6600,751,18400,
seq_80_52,3160,25100,1673,7900,413,12700,472,5600,420,5800,756,19400,
seq_80_53,3160,25500,1615,7700,412,12700,445,6000,501,6100,766,18200,
seq_80_54,3160,25700,1680,7900,410,12700,434,5600,571,6200,764,19200,
seq_80_55,3160,24900,1636,7800,406,12600,458,5300,455,5900,766,18500,
seq_80_56,3160,24700,1501,7200,411,12700,462,5400,485,5600,769,19000,
seq_80_57,3160,25300,1627,10100,406,12700,425,5400,430,5900,761,18300,
seq_80_58,3160,25600,1690,7900,415,12800,446,5300,422,6800,787,20000,
seq_80_59,3160,24400,1604,7600,417,14800,427,7200,425,5800,779,18300,
seq_80_60,3160,26200,1500,7200,409,12700,453,5100,414,5600,775,19700,
seq_80_61,3160,23500,1731,8200,400,12900,524,5900,525,5800,774,18700,
seq_80_62,3160,27700,1677,8000,408,13200,479,5600,476,5700,754,20400,
seq_80_63,3160,24300,1582,7500,410,16000,496,7600,451,7400,778,22800,
seq_80_64,3160,34900,1679,12600,420,19800,455,7700,431,7400,781,25200,
seq_80_65,3160,35100,1741,12600,401,19200,446,9100,475,8100,779,24100,
seq_80_66,3160,35600,1672,12400,413,19800,432,7500,445,8200,764,25200,
seq_80_67,3160,31300,1565,11300,405,20000,539,8500,427,7400,784,23800,
seq_80_68,3160,35900,1634,12100,409,19300,648,8600,419,7700,772,25600,
seq_80_69,3160,34000,1573,11900,408,20400,457,7700,457,7700,769,26000,
seq_80_70,3160,26100,1670,7900,415,13100,420,5600,442,6200,768,19800,
seq_80_71,3160,25500,1635,9400,414,13200,530,5700,419,5700,776,18900,
seq_80_72,3160,28900,1677,7900,407,20200,442,6500,600,7400,766,22500,
seq_80_73,3160,26100,1681,10200,402,21600,467,5500,578,6600,772,18600,
seq_80_74,3160,26000,1893,8800,412,12700,455,5700,505,5700,772,19900,
seq_80_75,3160,25800,1697,8000,412,12700,456,5200,511,5500,770,18300,
seq_80_76,3160,26700,1641,7900,411,13000,621,6800,492,5400,776,19900,
seq_80_77,3160,24300,1430,6900,413,13300,441,5500,442,5700,762,23200,
seq_80_78,3160,28800,1797,8500,409,13200,515,5700,587,6300,775,20000,
seq_80_79,3160,30000,1685,10000,408,18700,566,7700,468,7400,775,23900,
seq_80_80,3160,28700,1651,7800,396,13000,475,5700,471,6000,775,19900,
seq_80_81,3160,24700,1399,6800,397,13100,489,5800,493,5300,773,18500,
seq_80_82,3160,26500,1710,8200,408,21600,440,6100,443,5700,774,20200,
seq_80_83,3160,26100,1788,9000,412,13800,546,6800,496,6300,762,18600,
seq_80_84,3160,26400,1574,8000,406,12900,414,5700,577,6900,758,19200,
seq_80_85,3160,26700,1476,7500,404,12900,467,6200,454,6500,771,18200,
seq_80_86,3160,25500,1562,8000,417,13200,509,6300,466,6200,769,19600,
seq_80_87,3160,25000,1634,8300,405,13200,447,5500,467,6000,765,43300,
seq_80_88,3160,26200,1626,8300,413,13100,405,5600,486,6200,760,20000,
seq_80_89,3160,25000,1722,8700,413,13600,536,6900,545,6600,763,18600,
seq_80_90,3160,29600,1701,8800,397,18000,445,6300,487,5900,773,20000,
seq_80_91,3160,26600,1708,8800,409,13900,496,6000,411,6200,772,18500,
seq_80_92,3160,27300,1680,8600,409,13500,456,5900,512,5700,776,19800,
seq_80_93,3160,26000,1762,8900,406,13400,442,5600,537,6500,761,18300,
seq_80_94,3160,29200,1627,9900,408,20800,430,5800,413,5900,760,22300,
seq_80_95,3160,24100,1561,8000,402,13300,482,5300,471,6400,756,36800,
seq_80_96,3160,25200,1490,7700,409,13300,487,6100,457,5900,777,20400,
seq_80_97,3160,26600,1489,7600,403,13500,436,5500,451,6400,774,18600,
seq_80_98,3160,28000,1533,7800,409,13300,475,5800,483,6200,778,43200,
seq_80_99,3160,27200,1616,9400,411,13800,526,6500,509,6300,760,23200,
seq_90_0,4005,33800,2319,11500,476,16700,548,7000,563,7300,903,22300,
seq_90_1,4005,34300,2021,10200,471,15300,686,7600,567,6800,899,22100,
seq_90_2,4005,35100,2046,10300,469,16900,514,6900,592,7700,891,21500,
seq_90_3,4005,35600,2147,10700,461,16200,597,6900,586,7100,899,22800,
seq_90_4,4005,34600,2214,11100,486,14600,584,8500,557,7300,879,20800,
seq_90_5,4005,36400,1866,9500,472,16900,544,6700,586,7100,914,22700,
seq_90_6,4005,32600,2097,10400,470,15900,501,6800,584,7000,894,22200,
seq_90_7,4005,33100,1908,9600,477,15800,647,8100,516,7000,894,20900,
seq_90_8,4005,31100,2100,10500,477,16100,518,6700,542,6700,891,21900,
seq_90_9,4005,32700,1922,9600,478,14300,494,6700,636,7100,904,20800,
seq_90_10,4005,33500,2066,10300,472,15400,546,6900,552,6900,902,21000,
seq_90_11,4005,35300,2058,10300,472,15700,563,7400,502,7100,900,22000,
seq_90_12,4005,34100,2157,10700,468,14900,579,6800,523,6700,893,20700,
seq_90_13,4005,36000,1718,8800,471,15300,573,7400,598,7200,908,22300,
seq_90_14,4005,33800,2053,10200,474,15700,731,7900,592,6800,895,21700,
seq_90_15,4005,33900,2224,12000,472,13800,606,7500,552,7100,886,20300,
seq_90_16,4005,33400,2248,11100,488,24400,535,6400,610,7100,905,23200,
seq_90_17,4005,33900,1987,10000,477,14600,513,7100,536,7300,901,21300,
seq_90_18,4005,30900,1957,10000,478,16600,541,6800,567,7800,903,22700,
seq_90_19,4005,32200,2098,10500,474,15500,606,7100,632,7200,890,22300,
seq_90_20,4005,33500,1977,9900,471,14600,536,6500,613,7400,911,20600,
seq_90_21,4005,32300,1871,9400,464,16000,516,6700,554,7300,912,22200,
seq_90_22,4005,35100,2145,10700,471,14700,566,6800,651,7400,899,20800,
seq_90_23,4005,33000,2339,11600,473,14300,524,6400,633,7700,889,21000,
seq_90_24,4005,33600,2152,10600,471,16200,517,7000,517,7000,890,47900,
seq_90_25,4005,35100,2197,10900,461,14900,559,7000,568,7400,894,19900,
seq_90_26,4005,33200,1909,9700,471,16800,572,7300,529,6900,899,20000,
seq_90_27,4005,33600,2177,10800,476,15200,564,7000,604,7300,905,21100,
seq_90_28,4005,33000,1968,9800,470,14300,590,7800,541,7100,891,20000,
seq_90_29,4005,34400,2287,11400,482,15600,529,6800,499,6700,893,21600,
seq_90_30,4005,34300,1878,9600,473,14600,589,6600,517,7000,905,20200,
seq_90_31,4005,34700,2221,11000,469,16500,574,7000,631,7300,888,20300,
seq_90_32,4005,34400,1900,9600,485,15500,647,6700,536,7200,908,21900,
seq_90_33,4005,32100,2016,10100,478,14800,626,7500,616,6300,909,19900,
seq_90_34,4005,30800,1858,9300,474,15300,586,7400,581,7000,911,21000,
seq_90_35,4005,36400,2191,10900,472,18300,575,7100,545,7000,887,20900,
seq_90_36,4005,33100,2049,10200,481,14500,513,6400,591,7400,895,19900,
seq_90_37,4005,34500,2003,9900,470,15200,550,7000,540,7400,905,21500,
seq_90_38,4005,34000,2020,10100,480,15700,636,7300,523,7100,896,24200,
seq_90_39,4005,32200,2078,10400,469,24400,540,6900,521,7000,879,19400,
seq_90_40,4005,33100,2192,10800,468,18800,595,7500,518,7100,892,20700,
seq_90_41,4005,30700,1997,10000,478,14200,518,6700,583,7300,889,19800,
seq_90_42,4005,34600,2029,10200,468,16300,574,7500,725,7400,896,21500,
seq_90_43,4005,32800,2141,10700,475,15600,624,7200,589,7800,898,21300,
seq_90_44,4005,36600,1918,9900,477,17100,565,7100,518,7000,896,20600,
seq_90_45,4005,34900,2136,10600,466,15900,551,6400,626,7300,914,22100,
seq_90_46,4005,32800,1759,8900,472,14500,622,8700,537,7200,906,20000,
seq_90_47,4005,31700,2022,10100,465,15300,531,6700,709,8000,876,21100,
seq_90_48,4005,32300,2268,11200,477,19300,572,6600,663,7200,892,21700,
seq_90_49,4005,30700,1865,9400,463,14600,543,6800,606,6600,897,19600,
seq_90_50,4005,34500,2289,11300,475,15300,567,7300,486,6600,895,21000,
seq_90_51,4005,34700,2046,10200,473,15600,513,6800,499,6800,901,21300,
seq_90_52,4005,31900,2234,11000,478,14000,555,6700,593,7300,898,19500,
seq_90_53,4005,34500,1992,9900,476,15000,565,7400,663,7200,893,21200,
seq_90_54,4005,34500,2179,10800,470,14100,561,6500,567,6800,890,19700,
seq_90_55,4005,33800,2197,11000,478,15800,576,6600,597,7600,902,21500,
seq_90_56,4005,34000,2210,11000,485,16100,566,7400,537,6600,898,21300,
seq_90_57,4005,33300,2099,10400,475,14300,673,7500,583,7000,898,19900,
seq_90_58,4005,33600,2349,11600,472,16100,565,6900,617,7400,898,20800,
seq_90_59,4005,31600,2123,10600,479,14700,504,6500,595,7400,900,19800,
seq_90_60,4005,32300,1916,9700,480,24100,612,7200,628,7300,907,19800,
seq_90_61,4005,31200,1833,9400,475,23500,594,7400,601,7200,896,20700,
seq_90_62,4005,33100,2036,10200,472,14100,581,6900,503,7200,887,20600,
seq_90_63,4005,34200,2172,10800,473,16000,573,7100,629,7200,893,21200,
seq_90_64,4005,32000,2031,10100,474,15500,574,7100,618,7700,895,21100,
seq_90_65,4005,32600,2068,10200,474,16900,588,6900,528,6800,924,20000,
seq_90_66,4005,32300,1931,9700,473,15100,634,8000,489,6600,883,20600,
seq_90_67,4005,35500,2034,10100,476,15300,676,7300,518,6700,908,19900,
seq_90_68,4005,32100,1941,9800,470,15400,561,7400,615,7300,914,20500,
seq_90_69,4005,32500,2257,11100,471,15800,560,7000,548,6900,896,21500,
seq_90_70,4005,34500,1973,9800,475,14600,534,6700,532,6600,902,19800,
seq_90_71,4005,37900,2246,11100,473,15500,534,6700,603,6900,901,20600,
seq_90_72,4005,34300,2220,11000,482,15500,558,7200,595,7600,890,20800,
seq_90_73,4005,31900,1759,8900,471,16200,729,8300,540,6900,902,20000,
seq_90_74,4005,38800,2330,15100,479,16000,587,6900,602,6900,902,20800,
seq_90_75,4005,33700,1996,10000,472,14100,598,7000,521,6700,902,19900,
seq_90_76,4005,33300,2071,10300,478,15300,577,7300,708,7600,891,19700,
seq_90_77,4005,34000,1966,9800,483,15400,534,6900,524,7200,889,21000,
seq_90_78,4005,32200,2095,10400,481,14500,631,7400,563,6700,901,19700,
seq_90_79,4005,32100,2235,11100,464,15600,573,7300,660,6600,888,20800,
seq_90_80,4005,34300,1880,9500,477,15900,517,6900,554,7100,893,21300,
seq_90_81,4005,33300,2153,10700,468,16300,512,6100,728,7800,898,20100,
seq_90_82,4005,34500,2226,11000,478,15600,535,6800,561,6900,897,21500,
seq_90_83,4005,34100,2048,10200,477,14200,650,7800,591,7200,898,20600,
seq_90_84,4005,33400,2090,10400,471,15800,535,6800,633,7300,902,20800,
seq_90_85,4005,33000,1934,9700,475,15200,662,7000,546,7400,912,21900,
seq_90_86,4005,34800,2184,10900,470,20500,534,6700,569,7300,900,22400,
seq_90_87,4005,33500,1915,9600,475,19600,511,6800,580,7300,900,20700,
seq_90_88,4005,35500,1836,9200,475,15400,601,7400,516,6800,904,21100,
seq_90_89,4005,33200,2290,11300,473,14300,517,6600,576,7600,896,19600,
seq_90_90,4005,32200,1821,9200,483,15000,531,7000,601,7200,898,20800,
seq_90_91,4005,36800,2046,12500,476,24100,541,9300,657,11200,886,24500,
seq_90_92,4005,34700,2186,10900,471,24500,636,7600,530,7500,897,20900,
seq_90_93,4005,33100,1932,10000,470,23400,583,8000,581,7700,907,21100,
seq_90_94,4005,33200,1961,10000,485,14200,613,7300,561,7200,905,21100,
seq_90_95,4005,33600,1907,9700,480,24900,537,7000,559,7100,905,23100,
seq_90_96,4005,31200,2132,10600,464,25500,469,7700,592,7900,895,21400,
seq_90_97,4005,34100,2171,10800,475,24400,542,6900,622,8200,898,20200,
seq_90_98,4005,32600,2187,10900,475,23600,626,7100,530,6900,906,20300,
seq_90_99,4005,33800,2085,10300,473,24000,657,6900,491,7000,899,20400,
seq_100_0,4950,39600,2576,12700,539,25400,603,7200,710,8400,1016,22700,
seq_100_1,4950,41000,2614,12800,544,23500,565,7700,583,7800,1039,23000,
seq_100_2,4950,42900,2746,13500,546,27000,584,7900,627,8000,1025,22600,
seq_100_3,4950,42500,2606,12800,549,22600,656,8100,559,8000,1030,22700,
seq_100_4,4950,41600,2593,12700,534,18700,697,8300,648,7800,1033,22700,
seq_100_5,4950,52600,2664,13200,542,17800,623,7700,589,7200,1025,22900,
seq_100_6,4950,41700,2512,12400,540,16000,630,8100,565,7700,1019,22500,
seq_100_7,4950,43400,2532,12500,545,13400,582,7800,580,7700,1030,22400,
seq_100_8,4950,41700,2508,12200,546,12100,690,8200,758,7700,1022,22400,
seq_100_9,4950,41700,2607,12800,540,17800,689,7900,587,7600,1027,22700,
seq_100_10,4950,40500,2727,13300,540,12400,633,7500,687,7900,1031,22400,
seq_100_11,4950,41800,2345,11600,544,12000,644,8000,552,7500,1039,22800,
seq_100_12,4950,40000,2429,12100,557,12000,659,8000,735,8300,1026,22600,
seq_100_13,4950,42400,2450,12100,544,11900,601,8000,657,7900,1019,22300,
seq_100_14,4950,39900,2452,13100,543,12100,690,7800,613,7900,1028,22200,
seq_100_15,4950,42400,2623,13000,541,17400,608,7100,582,7800,1029,22300,
seq_100_16,4950,41700,2593,12700,541,16600,694,8100,599,7700,1021,23300,
seq_100_17,4950,40500,2465,12100,539,16500,634,7700,623,8100,1028,24500,
seq_100_18,4950,39500,2799,13700,548,17700,592,7800,776,8500,1023,23700,
seq_100_19,4950,40400,2651,13000,548,16800,639,7900,674,8000,1037,22300,
seq_100_20,4950,40000,2564,12600,539,24400,562,7700,621,7700,1032,22900,
seq_100_21,4950,39700,2575,12600,537,18100,759,8600,669,8100,1027,23900,
seq_100_22,4950,42500,2793,13600,539,20300,675,8100,661,8300,1029,25100,
seq_100_23,4950,39300,2483,12300,537,16800,602,7900,666,7800,1026,22600,
seq_100_24,4950,39600,2640,13000,537,16400,634,7200,645,8200,1022,22300,
seq_100_25,4950,41600,2809,13600,546,17500,610,7900,609,7200,1032,23300,
seq_100_26,4950,42600,2857,13900,542,11800,577,7800,622,8100,1013,22300,
seq_100_27,4950,43200,2794,13600,550,13000,621,7100,627,7900,1024,22600,
seq_100_28,4950,41800,2766,13700,534,19400,660,7200,562,8000,1031,22400,
seq_100_29,4950,44100,2397,12000,539,13000,704,8200,703,8000,1026,22800,
seq_100_30,4950,40200,2753,13500,545,12300,553,7600,649,7300,1021,22500,
seq_100_31,4950,42100,2567,12600,535,13600,688,8000,686,7700,1020,22500,
seq_100_32,4950,40900,2618,12800,541,14000,599,7500,705,7900,1027,22300,
seq_100_33,4950,40300,2683,13100,538,15400,608,7200,590,7800,1030,22600,
seq_100_34,4950,41000,2504,12300,538,12400,660,7600,701,8700,1029,22600,
seq_100_35,4950,42100,2471,12200,542,12200,667,7400,604,8000,1027,22400,
seq_100_36,4950,39200,2966,14400,544,12800,617,7700,635,7500,1017,22200,
seq_100_37,4950,45200,2329,11500,545,13200,580,7700,659,7600,1037,22400,
seq_100_38,4950,44500,2689,13200,548,12900,703,8100,596,7600,1025,22600,
seq_100_39,4950,40400,2728,13400,554,13000,714,7500,650,7800,1029,22700,
seq_100_40,4950,42000,2417,12000,539,13400,772,7800,590,7200,1036,23000,
seq_100_41,4950,39600,2594,12800,550,12200,670,8000,803,8600,1027,22600,
seq_100_42,4950,41100,2395,12000,539,12500,647,7500,688,8200,1032,22700,
seq_100_43,4950,41900,2444,12100,542,13800,591,7300,598,7700,1021,22200,
seq_100_44,4950,38600,2634,13000,536,12100,664,7500,656,8200,1035,22200,
seq_100_45,4950,42000,2571,12600,547,11900,622,8000,661,8200,1032,22500,
seq_100_46,4950,41500,2153,10800,550,14500,614,7600,629,7400,1035,22300,
seq_100_47,4950,40600,2513,12400,541,13800,657,7800,590,6900,1026,22300,
seq_100_48,4950,42400,2554,12600,549,11900,627,7600,578,7800,1016,22500,
seq_100_49,4950,42500,2351,11700,537,12500,688,8500,642,7700,1032,22600,
seq_100_50,4950,42100,2739,13400,542,11800,725,8100,643,7900,1020,22700,
seq_100_51,4950,39400,2594,12900,548,12300,571,7600,742,8500,1035,22700,
seq_100_52,4950,40700,2495,12400,539,12200,655,7800,611,8200,1037,22900,
seq_100_53,4950,40100,2844,13900,548,17600,696,8200,590,7500,1020,23400,
seq_100_54,4950,40200,2890,14100,542,16400,583,7800,622,7600,1040,22500,
seq_100_55,4950,41200,2674,13100,546,16700,738,8100,741,8200,1028,22600,
seq_100_56,4950,42100,2346,11700,546,17600,651,7900,687,7900,1025,23400,
seq_100_57,4950,43300,2589,12600,544,17800,641,8100,598,7700,1002,23000,
seq_100_58,4950,42200,2387,11800,532,16400,616,7300,664,8000,1025,22500,
seq_100_59,4950,41900,2614,12900,544,16500,593,7600,646,7900,1036,23000,
seq_100_60,4950,43900,2484,12300,534,17700,629,7800,601,7800,1032,22600,
seq_100_61,4950,40200,2973,14600,541,17600,676,7600,613,8100,1025,23600,
seq_100_62,4950,41800,2732,13400,545,24000,533,7600,639,7600,1023,22300,
seq_100_63,4950,48700,2485,12400,545,23200,583,9300,597,8300,1035,24300,
seq_100_64,4950,38700,2529,12500,543,17500,625,7800,727,8000,1032,23300,
seq_100_65,4950,39600,2644,13000,530,17800,623,7500,582,7600,1020,24000,
seq_100_66,4950,40400,2457,12200,535,16700,621,7700,558,7800,1016,22000,
seq_100_67,4950,42300,2694,13400,542,17600,757,9100,742,8600,1019,22500,
seq_100_68,4950,41600,2391,11900,543,17800,616,7600,696,8000,1034,24300,
seq_100_69,4950,44300,2341,11500,551,17600,637,7800,639,7600,1032,23600,
seq_100_70,4950,38700,2301,11400,541,16100,739,8700,656,7900,1029,22300,
seq_100_71,4950,39600,2521,12400,540,16600,653,7900,681,7900,1010,23400,
seq_100_72,4950,52300,2665,14500,546,18000,679,7800,647,7900,1022,25700,
seq_100_73,4950,41300,2745,13600,539,17300,631,7500,685,7900,1008,23400,
seq_100_74,4950,43300,2259,11300,543,16600,664,7900,615,7600,1043,22600,
seq_100_75,4950,43900,2721,13300,540,16400,601,7000,729,8000,1035,23700,
seq_100_76,4950,43100,2498,12300,538,18300,600,7600,606,7600,1025,23500,
seq_100_77,4950,42500,2308,11500,542,16600,616,7600,579,7300,1034,22500,
seq_100_78,4950,45500,2589,12700,546,16700,650,7600,766,8900,1033,22600,
seq_100_79,4950,41000,2377,11800,543,16900,708,8300,625,7900,1039,23800,
seq_100_80,4950,40100,2709,13200,542,17200,681,8500,623,7200,1037,23800,
seq_100_81,4950,38900,2737,13300,533,25800,693,8200,615,7600,1013,22300,
seq_100_82,4950,40900,2747,13500,542,23800,655,7500,610,7100,1041,22300,
seq_100_83,4950,51100,2796,13700,535,15800,708,8300,648,8200,1010,23500,
seq_100_84,4950,42600,2645,13000,541,18100,658,8200,719,8000,1030,23500,
seq_100_85,4950,40700,2750,13500,552,16000,588,7700,557,7300,1036,22600,
seq_100_86,4950,41300,2655,12900,541,16300,689,8000,619,8000,1019,22100,
seq_100_87,4950,42600,2885,20800,541,14300,671,7600,643,8000,1034,23600,
seq_100_88,4950,37800,2708,13200,544,11900,600,7500,558,7400,1015,22400,
seq_100_89,4950,40700,2487,12300,545,11600,612,7400,694,8600,1031,22900,
seq_100_90,4950,43600,2280,11300,547,11900,614,7600,681,8600,1027,22400,
seq_100_91,4950,40800,2464,12200,546,12800,630,7800,615,7600,1020,22500,
seq_100_92,4950,39900,2423,11900,541,11900,639,7300,746,7600,1022,22300,
seq_100_93,4950,41400,2474,12300,541,12000,712,7600,586,7200,1029,22000,
seq_100_94,4950,39900,2477,12200,551,11800,717,7900,623,7300,1030,22400,
seq_100_95,4950,38700,2188,11000,543,11900,606,7300,684,7600,1039,22800,
seq_100_96,4950,44000,2502,12400,547,11900,638,8000,692,8000,1047,22400,
seq_100_97,4950,49300,2485,12400,544,11700,698,8000,626,7800,1029,22200,
seq_100_98,4950,40300,3087,15000,540,12100,611,7200,556,7500,1020,22300,
seq_100_99,4950,42900,2594,12700,547,11900,588,7400,620,7500,1036,22400,
